id,name,inhabitants,status_index,status_index_class,dynamic_index,dynamic_index_class,status_dynamic_index,status_dynamic_index_class
01100101,Stülerstraße,3419.0,2.0,mittel,-,negativ,2-,"Status mittel , Dynamik negativ"
01100102,Großer Tiergarten,1791.0,1.0,hoch,+/-,stabil,1+/-,"Status hoch , Dynamik stabil"
01100103,Lützowstraße,5211.0,2.0,mittel,+/-,stabil,2+/-,"Status mittel , Dynamik stabil"
01100104,Körnerstraße,4636.0,2.0,mittel,+/-,stabil,2+/-,"Status mittel , Dynamik stabil"
01100205,Wilhelmstraße,2573.0,2.0,mittel,+/-,stabil,2+/-,"Status mittel , Dynamik stabil"
01100206,Unter den Linden,1803.0,2.0,mittel,-,negativ,2-,"Status mittel , Dynamik negativ"
01100207,Leipziger Straße,8312.0,2.0,mittel,+/-,stabil,2+/-,"Status mittel , Dynamik stabil"
01100308,Charitéviertel,6967.0,1.0,hoch,+/-,stabil,1+/-,"Status hoch , Dynamik stabil"
01100309,Oranienburger Straße,12352.0,2.0,mittel,+/-,stabil,2+/-,"Status mittel , Dynamik stabil"
01100310,Alexanderplatzviertel,9903.0,2.0,mittel,+/-,stabil,2+/-,"Status mittel , Dynamik stabil"
01100311,Karl-Marx-Allee,9013.0,2.0,mittel,-,negativ,2-,"Status mittel , Dynamik negativ"
01100312,Heine-Viertel West,9422.0,2.0,mittel,+/-,stabil,2+/-,"Status mittel , Dynamik stabil"
01100313,Heine-Viertel Ost,10779.0,2.0,mittel,+/-,stabil,2+/-,"Status mittel , Dynamik stabil"
01100414,Nordbahnhof,5178.0,2.0,mittel,+/-,stabil,2+/-,"Status mittel , Dynamik stabil"
01100415,Invalidenstraße,12593.0,2.0,mittel,+/-,stabil,2+/-,"Status mittel , Dynamik stabil"
01100416,Arkonaplatz,13443.0,1.0,hoch,+/-,stabil,1+/-,"Status hoch , Dynamik stabil"
01200517,Huttenkiez,3725.0,4.0,sehr niedrig,+,positiv,4+,"Status sehr niedrig , Dynamik positiv"
01200518,Beusselkiez,6866.0,3.0,niedrig,+/-,stabil,3+/-,"Status niedrig , Dynamik stabil"
01200519,Emdener Straße,9103.0,2.0,mittel,+/-,stabil,2+/-,"Status mittel , Dynamik stabil"
01200520,Bremer Straße,9433.0,2.0,mittel,+/-,stabil,2+/-,"Status mittel , Dynamik stabil"
01200521,Zwinglistraße,5235.0,3.0,niedrig,+/-,stabil,3+/-,"Status niedrig , Dynamik stabil"
01200522,Elberfelder Straße,11333.0,2.0,mittel,+/-,stabil,2+/-,"Status mittel , Dynamik stabil"
01200623,Stephankiez,10825.0,2.0,mittel,+/-,stabil,2+/-,"Status mittel , Dynamik stabil"
01200624,Heidestraße,5178.0,2.0,mittel,+,positiv,2+,"Status mittel , Dynamik positiv"
01200625,Lübecker Straße,6976.0,4.0,sehr niedrig,+/-,stabil,4+/-,"Status sehr niedrig , Dynamik stabil"
01200626,Thomasiusstraße,5935.0,2.0,mittel,+/-,stabil,2+/-,"Status mittel , Dynamik stabil"
01200627,Zillesiedlung,3280.0,4.0,sehr niedrig,-,negativ,4-,"Status sehr niedrig , Dynamik negativ"
01200628,Lüneburger Straße,3132.0,2.0,mittel,+/-,stabil,2+/-,"Status mittel , Dynamik stabil"
01200629,Hansaviertel,5807.0,2.0,mittel,+/-,stabil,2+/-,"Status mittel , Dynamik stabil"
01300730,Drontheimer Straße,7957.0,4.0,sehr niedrig,+/-,stabil,4+/-,"Status sehr niedrig , Dynamik stabil"
01300731,Koloniestraße,8545.0,4.0,sehr niedrig,+/-,stabil,4+/-,"Status sehr niedrig , Dynamik stabil"
01300732,Soldiner Straße,9879.0,4.0,sehr niedrig,+/-,stabil,4+/-,"Status sehr niedrig , Dynamik stabil"
01300733,Gesundbrunnen,11665.0,4.0,sehr niedrig,+/-,stabil,4+/-,"Status sehr niedrig , Dynamik stabil"
01300834,Brunnenstraße,14193.0,4.0,sehr niedrig,+/-,stabil,4+/-,"Status sehr niedrig , Dynamik stabil"
01300835,Humboldthain Süd,10443.0,3.0,niedrig,+/-,stabil,3+/-,"Status niedrig , Dynamik stabil"
01300836,Humboldthain Nordwest,14657.0,4.0,sehr niedrig,+/-,stabil,4+/-,"Status sehr niedrig , Dynamik stabil"
01400937,Afrikanische Straße,10804.0,3.0,niedrig,+/-,stabil,3+/-,"Status niedrig , Dynamik stabil"
01400938,Kameruner Straße,9725.0,3.0,niedrig,+/-,stabil,3+/-,"Status niedrig , Dynamik stabil"
01400939,Glasgower Straße,5926.0,3.0,niedrig,+/-,stabil,3+/-,"Status niedrig , Dynamik stabil"
01400940,Schillerpark,6794.0,2.0,mittel,+/-,stabil,2+/-,"Status mittel , Dynamik stabil"
01400941,Londoner Straße,3786.0,2.0,mittel,+/-,stabil,2+/-,"Status mittel , Dynamik stabil"
01400942,Westliche Müllerstraße,8643.0,3.0,niedrig,+,positiv,3+,"Status niedrig , Dynamik positiv"
01401043,Antonstraße,7739.0,4.0,sehr niedrig,+/-,stabil,4+/-,"Status sehr niedrig , Dynamik stabil"
01401044,Uferstraße,10224.0,4.0,sehr niedrig,+/-,stabil,4+/-,"Status sehr niedrig , Dynamik stabil"
01401045,Schwedenstraße,5722.0,4.0,sehr niedrig,-,negativ,4-,"Status sehr niedrig , Dynamik negativ"
01401046,Nordufer,8781.0,2.0,mittel,+,positiv,2+,"Status mittel , Dynamik positiv"
01401047,Sparrplatz,7867.0,3.0,niedrig,+,positiv,3+,"Status niedrig , Dynamik positiv"
01401048,Leopoldplatz,9098.0,4.0,sehr niedrig,+/-,stabil,4+/-,"Status sehr niedrig , Dynamik stabil"
01401049,Schulstraße,6689.0,4.0,sehr niedrig,+/-,stabil,4+/-,"Status sehr niedrig , Dynamik stabil"
02100101,Askanischer Platz,6281.0,3.0,niedrig,-,negativ,3-,"Status niedrig , Dynamik negativ"
02100102,Mehringplatz,8647.0,4.0,sehr niedrig,+/-,stabil,4+/-,"Status sehr niedrig , Dynamik stabil"
02100103,Am Berlin Museum,5382.0,4.0,sehr niedrig,-,negativ,4-,"Status sehr niedrig , Dynamik negativ"
02100104,Moritzplatz,5567.0,4.0,sehr niedrig,-,negativ,4-,"Status sehr niedrig , Dynamik negativ"
02100105,Prinzenstraße,9604.0,4.0,sehr niedrig,+/-,stabil,4+/-,"Status sehr niedrig , Dynamik stabil"
02100106,Wassertorplatz,5009.0,4.0,sehr niedrig,-,negativ,4-,"Status sehr niedrig , Dynamik negativ"
02200207,Gleisdreieck,2067.0,1.0,hoch,+/-,stabil,1+/-,"Status hoch , Dynamik stabil"
02200208,Rathaus Yorckstraße,6008.0,2.0,mittel,+/-,stabil,2+/-,"Status mittel , Dynamik stabil"
02200209,Viktoriapark,10969.0,2.0,mittel,+/-,stabil,2+/-,"Status mittel , Dynamik stabil"
02200210,Urbanstraße,12384.0,2.0,mittel,+/-,stabil,2+/-,"Status mittel , Dynamik stabil"
02200211,Chamissokiez,14760.0,2.0,mittel,+/-,stabil,2+/-,"Status mittel , Dynamik stabil"
02200212,Graefekiez Süd,8602.0,2.0,mittel,+/-,stabil,2+/-,"Status mittel , Dynamik stabil"
02200213,Graefekiez Nord,10284.0,2.0,mittel,+/-,stabil,2+/-,"Status mittel , Dynamik stabil"
02300314,Oranienplatz,7587.0,4.0,sehr niedrig,-,negativ,4-,"Status sehr niedrig , Dynamik negativ"
02300315,Lausitzer Platz,8723.0,3.0,niedrig,+/-,stabil,3+/-,"Status niedrig , Dynamik stabil"
02300316,Köpenicker Straße,4215.0,2.0,mittel,+/-,stabil,2+/-,"Status mittel , Dynamik stabil"
02300417,Reichenberger Straße West,8433.0,2.0,mittel,+/-,stabil,2+/-,"Status mittel , Dynamik stabil"
02300418,Reichenberger Straße Ost,7710.0,2.0,mittel,+/-,stabil,2+/-,"Status mittel , Dynamik stabil"
02300419,Wrangelkiez,10903.0,2.0,mittel,+/-,stabil,2+/-,"Status mittel , Dynamik stabil"
02400520,Barnimkiez,5451.0,2.0,mittel,+/-,stabil,2+/-,"Status mittel , Dynamik stabil"
02400521,Friedenstraße,7858.0,2.0,mittel,+/-,stabil,2+/-,"Status mittel , Dynamik stabil"
02400522,Richard-Sorge-Viertel,11262.0,2.0,mittel,+/-,stabil,2+/-,"Status mittel , Dynamik stabil"
02400623,Andreasviertel,13307.0,2.0,mittel,+/-,stabil,2+/-,"Status mittel , Dynamik stabil"
02400624,Weberwiese,11314.0,2.0,mittel,+/-,stabil,2+/-,"Status mittel , Dynamik stabil"
02400625,Wriezener Bahnhof,1136.0,3.0,niedrig,+/-,stabil,3+/-,"Status niedrig , Dynamik stabil"
02500726,Hausburgviertel,9134.0,2.0,mittel,+/-,stabil,2+/-,"Status mittel , Dynamik stabil"
02500727,Forckenbeckplatz,6623.0,2.0,mittel,+/-,stabil,2+/-,"Status mittel , Dynamik stabil"
02500728,Samariterviertel,10109.0,2.0,mittel,+/-,stabil,2+/-,"Status mittel , Dynamik stabil"
02500729,Pettenkofer Straße,5441.0,2.0,mittel,+/-,stabil,2+/-,"Status mittel , Dynamik stabil"
02500830,Niederbarnimstraße,3931.0,2.0,mittel,+/-,stabil,2+/-,"Status mittel , Dynamik stabil"
02500831,Wismarplatz,7877.0,2.0,mittel,+/-,stabil,2+/-,"Status mittel , Dynamik stabil"
02500832,Traveplatz,9064.0,2.0,mittel,+/-,stabil,2+/-,"Status mittel , Dynamik stabil"
02500833,Boxhagener Platz,10190.0,2.0,mittel,+/-,stabil,2+/-,"Status mittel , Dynamik stabil"
02500834,Revaler Straße,11378.0,2.0,mittel,+/-,stabil,2+/-,"Status mittel , Dynamik stabil"
02500835,Stralauer Kiez,7868.0,2.0,mittel,+/-,stabil,2+/-,"Status mittel , Dynamik stabil"
02500836,Stralauer Halbinsel,4709.0,1.0,hoch,+/-,stabil,1+/-,"Status hoch , Dynamik stabil"
03100101,Bucher Forst,4499.0,2.0,mittel,+/-,stabil,2+/-,"Status mittel , Dynamik stabil"
03100102,Klinikum Buch,3214.0,2.0,mittel,-,negativ,2-,"Status mittel , Dynamik negativ"
03100103,Karower Chaussee,8979.0,2.0,mittel,+/-,stabil,2+/-,"Status mittel , Dynamik stabil"
03200204,Blankenfelde,2058.0,1.0,hoch,+/-,stabil,1+/-,"Status hoch , Dynamik stabil"
03200205,Uhlandstraße,8696.0,1.0,hoch,+/-,stabil,1+/-,"Status hoch , Dynamik stabil"
03200206,Pastor-Niemöller-Platz,6404.0,2.0,mittel,+/-,stabil,2+/-,"Status mittel , Dynamik stabil"
03200207,Herthaplatz,11464.0,2.0,mittel,+/-,stabil,2+/-,"Status mittel , Dynamik stabil"
03200308,Nisbléstraße,5220.0,1.0,hoch,+/-,stabil,1+/-,"Status hoch , Dynamik stabil"
03200309,Eddastraße,5238.0,2.0,mittel,+/-,stabil,2+/-,"Status mittel , Dynamik stabil"
03200310,Krugpfuhl,7961.0,2.0,mittel,+/-,stabil,2+/-,"Status mittel , Dynamik stabil"
03300411,Karow Nord,11455.0,2.0,mittel,-,negativ,2-,"Status mittel , Dynamik negativ"
03300412,Karow Bahnhof,5138.0,1.0,hoch,+/-,stabil,1+/-,"Status hoch , Dynamik stabil"
03300413,Karow Ost,3101.0,1.0,hoch,+/-,stabil,1+/-,"Status hoch , Dynamik stabil"
03300514,Blankenburg,6875.0,1.0,hoch,+/-,stabil,1+/-,"Status hoch , Dynamik stabil"
03300516,Heinersdorf,7779.0,2.0,mittel,-,negativ,2-,"Status mittel , Dynamik negativ"
03300517,Märchenland,1120.0,1.0,hoch,+/-,stabil,1+/-,"Status hoch , Dynamik stabil"
03400618,Rosenthal,4742.0,1.0,hoch,+/-,stabil,1+/-,"Status hoch , Dynamik stabil"
03400619,Wilhelmsruh,10438.0,2.0,mittel,+/-,stabil,2+/-,"Status mittel , Dynamik stabil"
03400620,Schönholz,3509.0,1.0,hoch,+/-,stabil,1+/-,"Status hoch , Dynamik stabil"
03400721,Florakiez,11438.0,2.0,mittel,+/-,stabil,2+/-,"Status mittel , Dynamik stabil"
03400722,Parkstraße,3607.0,1.0,hoch,+/-,stabil,1+/-,"Status hoch , Dynamik stabil"
03400723,Garbátyplatz,7112.0,2.0,mittel,+/-,stabil,2+/-,"Status mittel , Dynamik stabil"
03400724,Wolfshagener Straße,7633.0,2.0,mittel,+/-,stabil,2+/-,"Status mittel , Dynamik stabil"
03400725,Schlosspark,7450.0,2.0,mittel,+/-,stabil,2+/-,"Status mittel , Dynamik stabil"
03400826,Tiroler Viertel,6620.0,2.0,mittel,+/-,stabil,2+/-,"Status mittel , Dynamik stabil"
03400827,Trelleborger Viertel,9628.0,2.0,mittel,+/-,stabil,2+/-,"Status mittel , Dynamik stabil"
03400828,Spiekermann Straße,4615.0,2.0,mittel,+,positiv,2+,"Status mittel , Dynamik positiv"
03400829,Arnold-Zweig-Straße,5583.0,2.0,mittel,+/-,stabil,2+/-,"Status mittel , Dynamik stabil"
03400830,Kissingenviertel,9292.0,2.0,mittel,+/-,stabil,2+/-,"Status mittel , Dynamik stabil"
03500932,Bühringstraße,5096.0,2.0,mittel,+,positiv,2+,"Status mittel , Dynamik positiv"
03500933,Weißer See,7551.0,2.0,mittel,+/-,stabil,2+/-,"Status mittel , Dynamik stabil"
03500934,Weißenseer Spitze,10049.0,2.0,mittel,+/-,stabil,2+/-,"Status mittel , Dynamik stabil"
03500935,Behaimstraße,6407.0,2.0,mittel,+,positiv,2+,"Status mittel , Dynamik positiv"
03500936,Komponistenviertel Weißensee,9819.0,2.0,mittel,+/-,stabil,2+/-,"Status mittel , Dynamik stabil"
03501037,Rathaus Weißensee,8509.0,2.0,mittel,+/-,stabil,2+/-,"Status mittel , Dynamik stabil"
03501038,Hansastraße,7324.0,2.0,mittel,+/-,stabil,2+/-,"Status mittel , Dynamik stabil"
03601139,Norweger Viertel,3795.0,2.0,mittel,+/-,stabil,2+/-,"Status mittel , Dynamik stabil"
03601140,Malmöer Straße,5884.0,2.0,mittel,+/-,stabil,2+/-,"Status mittel , Dynamik stabil"
03601141,Arnimplatz,6576.0,2.0,mittel,+/-,stabil,2+/-,"Status mittel , Dynamik stabil"
03601142,Falkplatz,10744.0,2.0,mittel,+/-,stabil,2+/-,"Status mittel , Dynamik stabil"
03601243,Rodenbergstraße,7032.0,2.0,mittel,+/-,stabil,2+/-,"Status mittel , Dynamik stabil"
03601244,Humannplatz,7600.0,2.0,mittel,+/-,stabil,2+/-,"Status mittel , Dynamik stabil"
03601245,Ostseestraße,12813.0,2.0,mittel,+/-,stabil,2+/-,"Status mittel , Dynamik stabil"
03601346,Gethsemanekirche,5470.0,2.0,mittel,+/-,stabil,2+/-,"Status mittel , Dynamik stabil"
03601347,Helmholtzplatz,9548.0,2.0,mittel,+/-,stabil,2+/-,"Status mittel , Dynamik stabil"
03601348,Senefelderstraße,7516.0,2.0,mittel,+/-,stabil,2+/-,"Status mittel , Dynamik stabil"
03601449,Michelangelostraße,9970.0,2.0,mittel,+/-,stabil,2+/-,"Status mittel , Dynamik stabil"
03601450,Volkspark Prenzlauer Berg,3965.0,4.0,sehr niedrig,-,negativ,4-,"Status sehr niedrig , Dynamik negativ"
03601451,Anton-Saefkow-Park,6373.0,2.0,mittel,+/-,stabil,2+/-,"Status mittel , Dynamik stabil"
03601452,Velodrom,4063.0,2.0,mittel,+/-,stabil,2+/-,"Status mittel , Dynamik stabil"
03601453,Alter Schlachthof,2825.0,1.0,hoch,+/-,stabil,1+/-,"Status hoch , Dynamik stabil"
03701554,Teutoburger Platz,11328.0,2.0,mittel,+/-,stabil,2+/-,"Status mittel , Dynamik stabil"
03701555,Sredzkistraße,7274.0,2.0,mittel,+/-,stabil,2+/-,"Status mittel , Dynamik stabil"
03701556,Kollwitzplatz,8656.0,1.0,hoch,+/-,stabil,1+/-,"Status hoch , Dynamik stabil"
03701657,Thälmannpark,3188.0,2.0,mittel,-,negativ,2-,"Status mittel , Dynamik negativ"
03701658,Christburger Straße,8448.0,2.0,mittel,+/-,stabil,2+/-,"Status mittel , Dynamik stabil"
03701659,Immanuelkirchstraße,9164.0,2.0,mittel,+/-,stabil,2+/-,"Status mittel , Dynamik stabil"
03701660,Bötzowstraße,12823.0,2.0,mittel,+/-,stabil,2+/-,"Status mittel , Dynamik stabil"
04100101,Jungfernheide/Plötzensee,11548.0,2.0,mittel,+,positiv,2+,"Status mittel , Dynamik positiv"
04100102,Paul-Hertz-Siedlung,7855.0,4.0,sehr niedrig,+/-,stabil,4+/-,"Status sehr niedrig , Dynamik stabil"
04200203,Olympiagelände,1482.0,1.0,hoch,+/-,stabil,1+/-,"Status hoch , Dynamik stabil"
04200204,Angerburger Allee,2832.0,2.0,mittel,+/-,stabil,2+/-,"Status mittel , Dynamik stabil"
04200205,Flatowallee,2569.0,1.0,hoch,+/-,stabil,1+/-,"Status hoch , Dynamik stabil"
04200206,Kranzallee,2963.0,1.0,hoch,+/-,stabil,1+/-,"Status hoch , Dynamik stabil"
04200207,Eichkamp,3192.0,1.0,hoch,+/-,stabil,1+/-,"Status hoch , Dynamik stabil"
04200308,Branitzer Platz,6379.0,2.0,mittel,-,negativ,2-,"Status mittel , Dynamik negativ"
04200309,Neu Westend,6936.0,2.0,mittel,+/-,stabil,2+/-,"Status mittel , Dynamik stabil"
04200310,Fürstenplatz,7809.0,2.0,mittel,-,negativ,2-,"Status mittel , Dynamik negativ"
04200311,Königin-Elisabeth-Straße,7218.0,2.0,mittel,+/-,stabil,2+/-,"Status mittel , Dynamik stabil"
04300412,Schlossgarten,3329.0,2.0,mittel,+,positiv,2+,"Status mittel , Dynamik positiv"
04300413,Klausenerplatz,10334.0,2.0,mittel,+/-,stabil,2+/-,"Status mittel , Dynamik stabil"
04300414,Schloßstraße,10786.0,2.0,mittel,+,positiv,2+,"Status mittel , Dynamik positiv"
04300415,Lietzensee,6488.0,2.0,mittel,+/-,stabil,2+/-,"Status mittel , Dynamik stabil"
04300416,Amtsgerichtsplatz,12145.0,2.0,mittel,+/-,stabil,2+/-,"Status mittel , Dynamik stabil"
04300517,Tegeler Weg,9637.0,2.0,mittel,+/-,stabil,2+/-,"Status mittel , Dynamik stabil"
04300518,Kaiserin-Augusta-Allee,5930.0,2.0,mittel,+/-,stabil,2+/-,"Status mittel , Dynamik stabil"
04300619,Alt-Lietzow,8859.0,2.0,mittel,+/-,stabil,2+/-,"Status mittel , Dynamik stabil"
04300620,Spreestadt,3429.0,2.0,mittel,+,positiv,2+,"Status mittel , Dynamik positiv"
04300621,Richard-Wagner-Straße,10811.0,2.0,mittel,+/-,stabil,2+/-,"Status mittel , Dynamik stabil"
04300622,Ernst-Reuter-Platz,5157.0,2.0,mittel,+/-,stabil,2+/-,"Status mittel , Dynamik stabil"
04300623,Karl-August-Platz,12121.0,2.0,mittel,+/-,stabil,2+/-,"Status mittel , Dynamik stabil"
04300624,Savignyplatz,9538.0,2.0,mittel,+/-,stabil,2+/-,"Status mittel , Dynamik stabil"
04400726,Bismarckallee,5470.0,2.0,mittel,-,negativ,2-,"Status mittel , Dynamik negativ"
04400727,Flinsberger Platz,8264.0,2.0,mittel,+/-,stabil,2+/-,"Status mittel , Dynamik stabil"
04400728,Hagenplatz,3173.0,1.0,hoch,+/-,stabil,1+/-,"Status hoch , Dynamik stabil"
04400729,Hundekehle,2796.0,1.0,hoch,+/-,stabil,1+/-,"Status hoch , Dynamik stabil"
04400830,Forckenbeckstraße,7119.0,2.0,mittel,+/-,stabil,2+/-,"Status mittel , Dynamik stabil"
04400831,Messelpark,1513.0,1.0,hoch,+/-,stabil,1+/-,"Status hoch , Dynamik stabil"
04400832,Breite Straße,7023.0,2.0,mittel,+/-,stabil,2+/-,"Status mittel , Dynamik stabil"
04400833,Schlangenbader Straße,4178.0,2.0,mittel,-,negativ,2-,"Status mittel , Dynamik negativ"
04400834,Binger Straße,3574.0,2.0,mittel,+/-,stabil,2+/-,"Status mittel , Dynamik stabil"
04400835,Rüdesheimer Platz,10593.0,2.0,mittel,+/-,stabil,2+/-,"Status mittel , Dynamik stabil"
04500936,Droysenstraße,5638.0,2.0,mittel,+/-,stabil,2+/-,"Status mittel , Dynamik stabil"
04500937,Halensee,7683.0,2.0,mittel,+/-,stabil,2+/-,"Status mittel , Dynamik stabil"
04500938,Hochmeisterplatz,7919.0,2.0,mittel,+/-,stabil,2+/-,"Status mittel , Dynamik stabil"
04500939,Eisenzahnstraße,6496.0,2.0,mittel,+,positiv,2+,"Status mittel , Dynamik positiv"
04501040,Hindemithplatz,5998.0,2.0,mittel,+/-,stabil,2+/-,"Status mittel , Dynamik stabil"
04501041,George-Grosz-Platz,5597.0,2.0,mittel,+/-,stabil,2+/-,"Status mittel , Dynamik stabil"
04501042,Breitscheidplatz,3581.0,2.0,mittel,-,negativ,2-,"Status mittel , Dynamik negativ"
04501043,Preußenpark,11048.0,2.0,mittel,+/-,stabil,2+/-,"Status mittel , Dynamik stabil"
04501044,Ludwigkirchplatz,5283.0,2.0,mittel,+/-,stabil,2+/-,"Status mittel , Dynamik stabil"
04501045,Schaperstraße,9334.0,2.0,mittel,+/-,stabil,2+/-,"Status mittel , Dynamik stabil"
04501146,Barstraße,4715.0,2.0,mittel,+/-,stabil,2+/-,"Status mittel , Dynamik stabil"
04501147,Leon-Jessel-Platz,5625.0,2.0,mittel,+/-,stabil,2+/-,"Status mittel , Dynamik stabil"
04501148,Brabanter Platz,4436.0,2.0,mittel,+/-,stabil,2+/-,"Status mittel , Dynamik stabil"
04501149,Nikolsburger Platz,9834.0,2.0,mittel,+/-,stabil,2+/-,"Status mittel , Dynamik stabil"
04501150,Wilhelmsaue,3071.0,2.0,mittel,+/-,stabil,2+/-,"Status mittel , Dynamik stabil"
04501151,Hildegardstraße,7572.0,2.0,mittel,+/-,stabil,2+/-,"Status mittel , Dynamik stabil"
04501152,Prager Platz,6913.0,2.0,mittel,+/-,stabil,2+/-,"Status mittel , Dynamik stabil"
04501153,Babelsberger Straße,7489.0,2.0,mittel,-,negativ,2-,"Status mittel , Dynamik negativ"
05100101,Hakenfelde Nord,4079.0,2.0,mittel,+/-,stabil,2+/-,"Status mittel , Dynamik stabil"
05100102,Am Forstacker,4390.0,2.0,mittel,+/-,stabil,2+/-,"Status mittel , Dynamik stabil"
05100103,Mertensstraße,5873.0,2.0,mittel,+,positiv,2+,"Status mittel , Dynamik positiv"
05100104,Maselake,4830.0,2.0,mittel,+/-,stabil,2+/-,"Status mittel , Dynamik stabil"
05100105,Amorbacher Weg,7608.0,2.0,mittel,+/-,stabil,2+/-,"Status mittel , Dynamik stabil"
05100206,Griesingerstraße,3619.0,3.0,niedrig,-,negativ,3-,"Status niedrig , Dynamik negativ"
05100207,An der Tränke,2314.0,1.0,hoch,+/-,stabil,1+/-,"Status hoch , Dynamik stabil"
05100208,Im Spektefeld,10703.0,4.0,sehr niedrig,+/-,stabil,4+/-,"Status sehr niedrig , Dynamik stabil"
05100209,Westerwaldstraße,11547.0,4.0,sehr niedrig,+/-,stabil,4+/-,"Status sehr niedrig , Dynamik stabil"
05100210,Germersheimer Platz,7709.0,3.0,niedrig,+,positiv,3+,"Status niedrig , Dynamik positiv"
05100211,An der Kappe,6068.0,2.0,mittel,+/-,stabil,2+/-,"Status mittel , Dynamik stabil"
05100312,Eckschanze,4025.0,2.0,mittel,+,positiv,2+,"Status mittel , Dynamik positiv"
05100313,Eiswerder,5756.0,3.0,niedrig,+,positiv,3+,"Status niedrig , Dynamik positiv"
05100314,Kurstraße,7335.0,4.0,sehr niedrig,+/-,stabil,4+/-,"Status sehr niedrig , Dynamik stabil"
05100315,Ackerstraße,6753.0,3.0,niedrig,+/-,stabil,3+/-,"Status niedrig , Dynamik stabil"
05100316,Carl-Schurz-Straße,10341.0,2.0,mittel,+/-,stabil,2+/-,"Status mittel , Dynamik stabil"
05100317,Freiheit,3670.0,2.0,mittel,-,negativ,2-,"Status mittel , Dynamik negativ"
05200418,Isenburger Weg,3839.0,1.0,hoch,+/-,stabil,1+/-,"Status hoch , Dynamik stabil"
05200419,Am Heideberg,1694.0,2.0,mittel,+/-,stabil,2+/-,"Status mittel , Dynamik stabil"
05200420,Staakener Straße,5780.0,2.0,mittel,+/-,stabil,2+/-,"Status mittel , Dynamik stabil"
05200421,Spandauer Straße,4386.0,2.0,mittel,+/-,stabil,2+/-,"Status mittel , Dynamik stabil"
05200422,Werkstraße,1057.0,2.0,mittel,-,negativ,2-,"Status mittel , Dynamik negativ"
05200423,Magistratsweg,6606.0,3.0,niedrig,+/-,stabil,3+/-,"Status niedrig , Dynamik stabil"
05200524,Döberitzer Weg,3367.0,2.0,mittel,+/-,stabil,2+/-,"Status mittel , Dynamik stabil"
05200525,Pillnitzer Weg,2431.0,1.0,hoch,+/-,stabil,1+/-,"Status hoch , Dynamik stabil"
05200526,Rudolf-Wissell-Großsiedlung,5734.0,4.0,sehr niedrig,+,positiv,4+,"Status sehr niedrig , Dynamik positiv"
05200527,Maulbeerallee,11620.0,4.0,sehr niedrig,+/-,stabil,4+/-,"Status sehr niedrig , Dynamik stabil"
05200528,Weinmeisterhornweg,7019.0,2.0,mittel,+/-,stabil,2+/-,"Status mittel , Dynamik stabil"
05200629,Borkumer Straße,7858.0,2.0,mittel,+/-,stabil,2+/-,"Status mittel , Dynamik stabil"
05200630,Wilhelmstadt West,9806.0,2.0,mittel,+/-,stabil,2+/-,"Status mittel , Dynamik stabil"
05200631,Wilhelmstadt Ost,8462.0,2.0,mittel,+/-,stabil,2+/-,"Status mittel , Dynamik stabil"
05200632,Tiefwerder,3739.0,3.0,niedrig,+/-,stabil,3+/-,"Status niedrig , Dynamik stabil"
05200633,Graetschelsteig,2003.0,2.0,mittel,+/-,stabil,2+/-,"Status mittel , Dynamik stabil"
05200634,Börnicker Straße,4436.0,2.0,mittel,+/-,stabil,2+/-,"Status mittel , Dynamik stabil"
05300735,Haveleck,1925.0,2.0,mittel,-,negativ,2-,"Status mittel , Dynamik negativ"
05300736,Zitadellenweg,3667.0,2.0,mittel,+/-,stabil,2+/-,"Status mittel , Dynamik stabil"
05300737,Gartenfelder Straße,10901.0,3.0,niedrig,+/-,stabil,3+/-,"Status niedrig , Dynamik stabil"
05300839,Rohrdamm,7660.0,2.0,mittel,+/-,stabil,2+/-,"Status mittel , Dynamik stabil"
05300840,Nonnendammallee,486.0,2.0,mittel,+,positiv,2+,"Status mittel , Dynamik positiv"
05300841,Siemensdamm,4573.0,2.0,mittel,+/-,stabil,2+/-,"Status mittel , Dynamik stabil"
05400942,Alt-Gatow,3642.0,2.0,mittel,+,positiv,2+,"Status mittel , Dynamik positiv"
05400943,Jägerallee,10315.0,1.0,hoch,+/-,stabil,1+/-,"Status hoch , Dynamik stabil"
05400944,Kladower Damm,2198.0,1.0,hoch,-,negativ,1-,"Status hoch , Dynamik negativ"
05400945,Kafkastraße,3682.0,1.0,hoch,+/-,stabil,1+/-,"Status hoch , Dynamik stabil"
06100101,Fichtenberg,6988.0,1.0,hoch,+/-,stabil,1+/-,"Status hoch , Dynamik stabil"
06100102,Schloßstraße,8808.0,2.0,mittel,+/-,stabil,2+/-,"Status mittel , Dynamik stabil"
06100103,Markelstraße,6281.0,2.0,mittel,+/-,stabil,2+/-,"Status mittel , Dynamik stabil"
06100204,Munsterdamm,6887.0,2.0,mittel,+/-,stabil,2+/-,"Status mittel , Dynamik stabil"
06100205,Südende,9881.0,2.0,mittel,+/-,stabil,2+/-,"Status mittel , Dynamik stabil"
06100206,Stadtpark,7694.0,2.0,mittel,+/-,stabil,2+/-,"Status mittel , Dynamik stabil"
06100207,Mittelstraße,8008.0,2.0,mittel,+/-,stabil,2+/-,"Status mittel , Dynamik stabil"
06100208,Bergstraße,6824.0,2.0,mittel,+/-,stabil,2+/-,"Status mittel , Dynamik stabil"
06100209,Feuerbachstraße,9339.0,2.0,mittel,+/-,stabil,2+/-,"Status mittel , Dynamik stabil"
06100210,Bismarckstraße,4868.0,2.0,mittel,+/-,stabil,2+/-,"Status mittel , Dynamik stabil"
06200311,Alt-Lankwitz,4937.0,2.0,mittel,+/-,stabil,2+/-,"Status mittel , Dynamik stabil"
06200312,Komponistenviertel Lankwitz,6097.0,2.0,mittel,+/-,stabil,2+/-,"Status mittel , Dynamik stabil"
06200313,Lankwitz Kirche,7410.0,2.0,mittel,+/-,stabil,2+/-,"Status mittel , Dynamik stabil"
06200314,Kaiser-Wilhelm-Straße,7313.0,2.0,mittel,+/-,stabil,2+/-,"Status mittel , Dynamik stabil"
06200315,Gallwitzallee,5841.0,2.0,mittel,+/-,stabil,2+/-,"Status mittel , Dynamik stabil"
06200316,Belßstraße,5558.0,2.0,mittel,+/-,stabil,2+/-,"Status mittel , Dynamik stabil"
06200317,Lankwitz Süd,6402.0,2.0,mittel,+/-,stabil,2+/-,"Status mittel , Dynamik stabil"
06200419,Thermometersiedlung,4636.0,2.0,mittel,+,positiv,2+,"Status mittel , Dynamik positiv"
06200420,Lichterfelde Süd,7055.0,2.0,mittel,+/-,stabil,2+/-,"Status mittel , Dynamik stabil"
06200421,Königsberger Straße,8349.0,2.0,mittel,+/-,stabil,2+/-,"Status mittel , Dynamik stabil"
06200422,Oberhofer Platz,7062.0,2.0,mittel,+/-,stabil,2+/-,"Status mittel , Dynamik stabil"
06200423,Schütte-Lanz-Straße,8627.0,2.0,mittel,+/-,stabil,2+/-,"Status mittel , Dynamik stabil"
06300524,Berlepschstraße,5670.0,2.0,mittel,+/-,stabil,2+/-,"Status mittel , Dynamik stabil"
06300525,Zehlendorf Süd,5616.0,2.0,mittel,+/-,stabil,2+/-,"Status mittel , Dynamik stabil"
06300526,Zehlendorf Mitte,3311.0,2.0,mittel,+/-,stabil,2+/-,"Status mittel , Dynamik stabil"
06300527,Sundgauer Straße,8385.0,2.0,mittel,+/-,stabil,2+/-,"Status mittel , Dynamik stabil"
06300528,Teltower Damm,11050.0,1.0,hoch,+/-,stabil,1+/-,"Status hoch , Dynamik stabil"
06300629,Botanischer Garten,7088.0,2.0,mittel,+/-,stabil,2+/-,"Status mittel , Dynamik stabil"
06300630,Hindenburgdamm,5612.0,2.0,mittel,-,negativ,2-,"Status mittel , Dynamik negativ"
06300631,Goerzwerke,3152.0,1.0,hoch,+/-,stabil,1+/-,"Status hoch , Dynamik stabil"
06300632,Schweizer Viertel,13747.0,1.0,hoch,+/-,stabil,1+/-,"Status hoch , Dynamik stabil"
06300633,Augustaplatz,12046.0,2.0,mittel,+/-,stabil,2+/-,"Status mittel , Dynamik stabil"
06300634,Lichterfelde West,8511.0,1.0,hoch,+/-,stabil,1+/-,"Status hoch , Dynamik stabil"
06400735,Wannsee,10126.0,1.0,hoch,+/-,stabil,1+/-,"Status hoch , Dynamik stabil"
06400736,Düppel,5234.0,1.0,hoch,+/-,stabil,1+/-,"Status hoch , Dynamik stabil"
06400737,Nikolassee,11498.0,1.0,hoch,+/-,stabil,1+/-,"Status hoch , Dynamik stabil"
06400838,Krumme Lanke,7511.0,1.0,hoch,+/-,stabil,1+/-,"Status hoch , Dynamik stabil"
06400839,Fischerhüttenstraße,5278.0,1.0,hoch,+/-,stabil,1+/-,"Status hoch , Dynamik stabil"
06400840,Fischtal,7266.0,1.0,hoch,+/-,stabil,1+/-,"Status hoch , Dynamik stabil"
06400841,Zehlendorf Eiche,5958.0,2.0,mittel,+/-,stabil,2+/-,"Status mittel , Dynamik stabil"
06400842,Hüttenweg,4810.0,1.0,hoch,+/-,stabil,1+/-,"Status hoch , Dynamik stabil"
06400843,Thielallee,4902.0,1.0,hoch,+/-,stabil,1+/-,"Status hoch , Dynamik stabil"
06400844,Dahlem,7204.0,1.0,hoch,+/-,stabil,1+/-,"Status hoch , Dynamik stabil"
07100101,Wittenbergplatz,9808.0,2.0,mittel,+/-,stabil,2+/-,"Status mittel , Dynamik stabil"
07100102,Kalckreuthstraße,8675.0,2.0,mittel,+/-,stabil,2+/-,"Status mittel , Dynamik stabil"
07100103,Frobenstraße,7712.0,3.0,niedrig,+/-,stabil,3+/-,"Status niedrig , Dynamik stabil"
07100204,Barbarossaplatz,10468.0,2.0,mittel,+/-,stabil,2+/-,"Status mittel , Dynamik stabil"
07100205,Alvenslebenstraße,5257.0,4.0,sehr niedrig,+/-,stabil,4+/-,"Status sehr niedrig , Dynamik stabil"
07100206,Großgörschenstraße,8223.0,2.0,mittel,+,positiv,2+,"Status mittel , Dynamik positiv"
07200307,Bayerischer Platz,10578.0,2.0,mittel,+/-,stabil,2+/-,"Status mittel , Dynamik stabil"
07200308,Volkspark (Rudolph-Wilde-Park),10501.0,2.0,mittel,-,negativ,2-,"Status mittel , Dynamik negativ"
07200409,Belziger Straße,9460.0,2.0,mittel,+/-,stabil,2+/-,"Status mittel , Dynamik stabil"
07200410,Feurigstraße,5565.0,3.0,niedrig,-,negativ,3-,"Status niedrig , Dynamik negativ"
07200411,Julius-Leber-Brücke,2786.0,2.0,mittel,+/-,stabil,2+/-,"Status mittel , Dynamik stabil"
07200412,Schöneberger Linse,1094.0,2.0,mittel,+,positiv,2+,"Status mittel , Dynamik positiv"
07200413,Cheruskerstraße,7886.0,2.0,mittel,+/-,stabil,2+/-,"Status mittel , Dynamik stabil"
07200414,Hohenfriedbergstraße,3736.0,2.0,mittel,+/-,stabil,2+/-,"Status mittel , Dynamik stabil"
07300515,Taunusstraße,6860.0,2.0,mittel,+/-,stabil,2+/-,"Status mittel , Dynamik stabil"
07300516,Odenwaldstraße,8839.0,2.0,mittel,+/-,stabil,2+/-,"Status mittel , Dynamik stabil"
07300517,Perelsplatz,8767.0,2.0,mittel,+/-,stabil,2+/-,"Status mittel , Dynamik stabil"
07300618,Ceciliengärten,9371.0,2.0,mittel,+/-,stabil,2+/-,"Status mittel , Dynamik stabil"
07300619,Grazer Platz,12302.0,2.0,mittel,+/-,stabil,2+/-,"Status mittel , Dynamik stabil"
07400720,Gontermannstraße,12038.0,2.0,mittel,+/-,stabil,2+/-,"Status mittel , Dynamik stabil"
07400721,Paradestraße,5464.0,2.0,mittel,+/-,stabil,2+/-,"Status mittel , Dynamik stabil"
07400822,Lindenhofsiedlung,2255.0,2.0,mittel,+,positiv,2+,"Status mittel , Dynamik positiv"
07400823,Wittekindstraße,9832.0,2.0,mittel,+/-,stabil,2+/-,"Status mittel , Dynamik stabil"
07400824,Bosepark,7390.0,2.0,mittel,+/-,stabil,2+/-,"Status mittel , Dynamik stabil"
07400825,Friedrich-Karl-Straße,7360.0,2.0,mittel,+/-,stabil,2+/-,"Status mittel , Dynamik stabil"
07400826,Marienhöhe,5114.0,2.0,mittel,+/-,stabil,2+/-,"Status mittel , Dynamik stabil"
07400927,Rathaus Tempelhof,11104.0,2.0,mittel,+/-,stabil,2+/-,"Status mittel , Dynamik stabil"
07400928,Germaniagarten,3980.0,4.0,sehr niedrig,+/-,stabil,4+/-,"Status sehr niedrig , Dynamik stabil"
07501029,Ringstraße,8138.0,2.0,mittel,+/-,stabil,2+/-,"Status mittel , Dynamik stabil"
07501030,Machonstraße,8890.0,2.0,mittel,+/-,stabil,2+/-,"Status mittel , Dynamik stabil"
07501031,Eisenacher Straße,9101.0,2.0,mittel,+/-,stabil,2+/-,"Status mittel , Dynamik stabil"
07501032,Imbrosweg,5653.0,2.0,mittel,+/-,stabil,2+/-,"Status mittel , Dynamik stabil"
07501133,Fritz-Werner-Straße,8141.0,2.0,mittel,+/-,stabil,2+/-,"Status mittel , Dynamik stabil"
07501134,Hundsteinweg,10584.0,2.0,mittel,+/-,stabil,2+/-,"Status mittel , Dynamik stabil"
07501135,Birnhornweg,2233.0,2.0,mittel,+/-,stabil,2+/-,"Status mittel , Dynamik stabil"
07601236,Marienfelder Allee Nordwest,10193.0,3.0,niedrig,-,negativ,3-,"Status niedrig , Dynamik negativ"
07601237,Kirchstraße,4740.0,2.0,mittel,+/-,stabil,2+/-,"Status mittel , Dynamik stabil"
07601238,Marienfelde Nordost,2869.0,2.0,mittel,+/-,stabil,2+/-,"Status mittel , Dynamik stabil"
07601339,Tirschenreuther Ring West,5749.0,3.0,niedrig,+/-,stabil,3+/-,"Status niedrig , Dynamik stabil"
07601340,Tirschenreuther Ring Ost,6429.0,2.0,mittel,+/-,stabil,2+/-,"Status mittel , Dynamik stabil"
07601341,Diedersdorfer Weg,2284.0,2.0,mittel,+/-,stabil,2+/-,"Status mittel , Dynamik stabil"
07601442,Kettinger Straße,10498.0,2.0,mittel,+/-,stabil,2+/-,"Status mittel , Dynamik stabil"
07601443,Töpchiner Weg,10895.0,2.0,mittel,+/-,stabil,2+/-,"Status mittel , Dynamik stabil"
07601544,John-Locke-Straße,8485.0,2.0,mittel,+/-,stabil,2+/-,"Status mittel , Dynamik stabil"
07601545,Nahariyastraße,8431.0,4.0,sehr niedrig,+/-,stabil,4+/-,"Status sehr niedrig , Dynamik stabil"
07601546,Franziusweg,6978.0,2.0,mittel,+/-,stabil,2+/-,"Status mittel , Dynamik stabil"
07601547,Horstwalder Straße,3859.0,2.0,mittel,-,negativ,2-,"Status mittel , Dynamik negativ"
07601548,Wittelsbacherstraße,2964.0,2.0,mittel,+/-,stabil,2+/-,"Status mittel , Dynamik stabil"
08100101,Hasenheide,4516.0,3.0,niedrig,+/-,stabil,3+/-,"Status niedrig , Dynamik stabil"
08100102,Schillerpromenade Nord,8218.0,2.0,mittel,+/-,stabil,2+/-,"Status mittel , Dynamik stabil"
08100103,Schillerpromenade Süd,7473.0,3.0,niedrig,+/-,stabil,3+/-,"Status niedrig , Dynamik stabil"
08100104,Wartheplatz,6706.0,4.0,sehr niedrig,+/-,stabil,4+/-,"Status sehr niedrig , Dynamik stabil"
08100105,Silbersteinstraße,5567.0,4.0,sehr niedrig,+/-,stabil,4+/-,"Status sehr niedrig , Dynamik stabil"
08100206,Flughafenstraße,9668.0,3.0,niedrig,+/-,stabil,3+/-,"Status niedrig , Dynamik stabil"
08100207,Rollberg,7451.0,4.0,sehr niedrig,+/-,stabil,4+/-,"Status sehr niedrig , Dynamik stabil"
08100208,Körnerpark,12288.0,3.0,niedrig,+/-,stabil,3+/-,"Status niedrig , Dynamik stabil"
08100209,Glasower Straße,8524.0,4.0,sehr niedrig,+/-,stabil,4+/-,"Status sehr niedrig , Dynamik stabil"
08100310,Maybachufer,7877.0,2.0,mittel,+/-,stabil,2+/-,"Status mittel , Dynamik stabil"
08100311,Reuterplatz,7342.0,2.0,mittel,+/-,stabil,2+/-,"Status mittel , Dynamik stabil"
08100312,Weichselplatz,11788.0,2.0,mittel,+/-,stabil,2+/-,"Status mittel , Dynamik stabil"
08100313,Bouchéstraße,3868.0,2.0,mittel,+,positiv,2+,"Status mittel , Dynamik positiv"
08100314,Donaustraße,8264.0,3.0,niedrig,+/-,stabil,3+/-,"Status niedrig , Dynamik stabil"
08100415,Ganghoferstraße,6530.0,2.0,mittel,+/-,stabil,2+/-,"Status mittel , Dynamik stabil"
08100416,Alt-Rixdorf,6562.0,2.0,mittel,+/-,stabil,2+/-,"Status mittel , Dynamik stabil"
08100417,Braunschweiger Straße,9919.0,4.0,sehr niedrig,+/-,stabil,4+/-,"Status sehr niedrig , Dynamik stabil"
08100418,Hertzbergplatz,9588.0,2.0,mittel,+/-,stabil,2+/-,"Status mittel , Dynamik stabil"
08100419,Treptower Straße Nord,7100.0,4.0,sehr niedrig,+/-,stabil,4+/-,"Status sehr niedrig , Dynamik stabil"
08100520,Weiße Siedlung,5767.0,4.0,sehr niedrig,-,negativ,4-,"Status sehr niedrig , Dynamik negativ"
08100521,Schulenburgpark,9620.0,4.0,sehr niedrig,+/-,stabil,4+/-,"Status sehr niedrig , Dynamik stabil"
08200622,Jahnstraße,5608.0,4.0,sehr niedrig,+/-,stabil,4+/-,"Status sehr niedrig , Dynamik stabil"
08200623,Park am Buschkrug,6064.0,2.0,mittel,-,negativ,2-,"Status mittel , Dynamik negativ"
08200624,Tempelhofer Weg,8754.0,3.0,niedrig,+/-,stabil,3+/-,"Status niedrig , Dynamik stabil"
08200725,Mohriner Allee Nord,2455.0,2.0,mittel,-,negativ,2-,"Status mittel , Dynamik negativ"
08200726,Hufeisensiedlung,6271.0,2.0,mittel,+/-,stabil,2+/-,"Status mittel , Dynamik stabil"
08200727,Parchimer Allee Süd,7983.0,2.0,mittel,+/-,stabil,2+/-,"Status mittel , Dynamik stabil"
08200728,Ortolanweg,1253.0,2.0,mittel,+/-,stabil,2+/-,"Status mittel , Dynamik stabil"
08200729,Britzer Garten,1865.0,2.0,mittel,+/-,stabil,2+/-,"Status mittel , Dynamik stabil"
08200730,Handwerker-Siedlung,3321.0,2.0,mittel,-,negativ,2-,"Status mittel , Dynamik negativ"
08200831,Buckow West,8320.0,2.0,mittel,+/-,stabil,2+/-,"Status mittel , Dynamik stabil"
08200832,Buckow Mitte,11578.0,2.0,mittel,-,negativ,2-,"Status mittel , Dynamik negativ"
08200833,Buckow Ost,8698.0,3.0,niedrig,+/-,stabil,3+/-,"Status niedrig , Dynamik stabil"
08300934,Gropiusstadt Nord-West,12534.0,4.0,sehr niedrig,+/-,stabil,4+/-,"Status sehr niedrig , Dynamik stabil"
08300935,Gropiusstadt Süd-West,7303.0,2.0,mittel,+/-,stabil,2+/-,"Status mittel , Dynamik stabil"
08301036,Gropiusstadt Mitte,7190.0,3.0,niedrig,+/-,stabil,3+/-,"Status niedrig , Dynamik stabil"
08301037,Gropiusstadt Süd-Ost,10564.0,4.0,sehr niedrig,-,negativ,4-,"Status sehr niedrig , Dynamik negativ"
08401138,Goldhähnchenweg,2834.0,3.0,niedrig,+/-,stabil,3+/-,"Status niedrig , Dynamik stabil"
08401139,Vogelviertel Süd,4103.0,2.0,mittel,+/-,stabil,2+/-,"Status mittel , Dynamik stabil"
08401140,Vogelviertel Nord,2661.0,2.0,mittel,+/-,stabil,2+/-,"Status mittel , Dynamik stabil"
08401241,Blumenviertel,8264.0,2.0,mittel,+/-,stabil,2+/-,"Status mittel , Dynamik stabil"
08401242,Zittauer Straße,6844.0,2.0,mittel,+/-,stabil,2+/-,"Status mittel , Dynamik stabil"
08401243,Alt-Rudow,9997.0,2.0,mittel,+/-,stabil,2+/-,"Status mittel , Dynamik stabil"
08401244,Waßmannsdorfer Chaussee,7118.0,2.0,mittel,+/-,stabil,2+/-,"Status mittel , Dynamik stabil"
08401245,Frauenviertel,3776.0,2.0,mittel,+/-,stabil,2+/-,"Status mittel , Dynamik stabil"
08401246,Waltersdorfer Chaussee Ost,7951.0,2.0,mittel,-,negativ,2-,"Status mittel , Dynamik negativ"
09100101,Alt-Treptow,13167.0,2.0,mittel,+/-,stabil,2+/-,"Status mittel , Dynamik stabil"
09100202,Plänterwald West,4375.0,2.0,mittel,+/-,stabil,2+/-,"Status mittel , Dynamik stabil"
09100203,Plänterwald Ost,6924.0,2.0,mittel,+/-,stabil,2+/-,"Status mittel , Dynamik stabil"
09100304,Baumschulenweg West,11722.0,2.0,mittel,+/-,stabil,2+/-,"Status mittel , Dynamik stabil"
09100305,Baumschulenweg Ost,4074.0,2.0,mittel,+/-,stabil,2+/-,"Status mittel , Dynamik stabil"
09100306,Späthsfelde,3098.0,2.0,mittel,-,negativ,2-,"Status mittel , Dynamik negativ"
09100407,Johannisthal West,8480.0,2.0,mittel,+/-,stabil,2+/-,"Status mittel , Dynamik stabil"
09100408,Johannisthal Ost,8105.0,2.0,mittel,+/-,stabil,2+/-,"Status mittel , Dynamik stabil"
09100409,Landschaftspark Adlershof,3375.0,2.0,mittel,+/-,stabil,2+/-,"Status mittel , Dynamik stabil"
09200510,Helmholtz-Kiez,7535.0,2.0,mittel,+/-,stabil,2+/-,"Status mittel , Dynamik stabil"
09200511,Griechischer Park,12663.0,2.0,mittel,+/-,stabil,2+/-,"Status mittel , Dynamik stabil"
09200512,Wuhlheide,3440.0,2.0,mittel,+/-,stabil,2+/-,"Status mittel , Dynamik stabil"
09200613,Bahnhof Schöneweide,9424.0,2.0,mittel,+,positiv,2+,"Status mittel , Dynamik positiv"
09200614,Oberspree,3580.0,2.0,mittel,+/-,stabil,2+/-,"Status mittel , Dynamik stabil"
09200715,Wista,3059.0,2.0,mittel,-,negativ,2-,"Status mittel , Dynamik negativ"
09200716,Dörpfeldstraße West,7669.0,2.0,mittel,+/-,stabil,2+/-,"Status mittel , Dynamik stabil"
09200717,Dörpfeldstraße Ost,9482.0,2.0,mittel,+/-,stabil,2+/-,"Status mittel , Dynamik stabil"
09200818,Spindlersfeld,3061.0,2.0,mittel,+/-,stabil,2+/-,"Status mittel , Dynamik stabil"
09200819,Köllnische Vorstadt,8292.0,2.0,mittel,+/-,stabil,2+/-,"Status mittel , Dynamik stabil"
09300920,Dorf Altglienicke,11751.0,2.0,mittel,-,negativ,2-,"Status mittel , Dynamik negativ"
09300921,Preußen Siedlung,2697.0,1.0,hoch,+/-,stabil,1+/-,"Status hoch , Dynamik stabil"
09300922,Kosmos Viertel,5660.0,4.0,sehr niedrig,-,negativ,4-,"Status sehr niedrig , Dynamik negativ"
09300923,Kölner Viertel,8169.0,2.0,mittel,-,negativ,2-,"Status mittel , Dynamik negativ"
09301024,Falkenberg,2417.0,1.0,hoch,+/-,stabil,1+/-,"Status hoch , Dynamik stabil"
09301025,Alt-Bohnsdorf,10760.0,2.0,mittel,+/-,stabil,2+/-,"Status mittel , Dynamik stabil"
09301126,Grünau,7217.0,2.0,mittel,+/-,stabil,2+/-,"Status mittel , Dynamik stabil"
09301227,Karolinenhof,1871.0,1.0,hoch,+/-,stabil,1+/-,"Status hoch , Dynamik stabil"
09301228,Schmöckwitz/Rauchfangswerder,2571.0,1.0,hoch,+/-,stabil,1+/-,"Status hoch , Dynamik stabil"
09401329,Kietzer Feld/Nachtheide,10138.0,2.0,mittel,+/-,stabil,2+/-,"Status mittel , Dynamik stabil"
09401330,Wendenschloß,1911.0,1.0,hoch,+/-,stabil,1+/-,"Status hoch , Dynamik stabil"
09401431,Allende I,5445.0,2.0,mittel,+/-,stabil,2+/-,"Status mittel , Dynamik stabil"
09401432,Siedlung Kämmereiheide,1569.0,2.0,mittel,+/-,stabil,2+/-,"Status mittel , Dynamik stabil"
09401433,Allende II,4368.0,2.0,mittel,+/-,stabil,2+/-,"Status mittel , Dynamik stabil"
09401534,Altstadt Köpenick,7337.0,2.0,mittel,+,positiv,2+,"Status mittel , Dynamik positiv"
09401635,Müggelheim,6867.0,1.0,hoch,+/-,stabil,1+/-,"Status hoch , Dynamik stabil"
09501736,Hirschgarten,4575.0,2.0,mittel,+,positiv,2+,"Status mittel , Dynamik positiv"
09501737,Alt-Friedrichshagen,14434.0,1.0,hoch,+/-,stabil,1+/-,"Status hoch , Dynamik stabil"
09501838,Rahnsdorf,9856.0,1.0,hoch,+/-,stabil,1+/-,"Status hoch , Dynamik stabil"
09501939,Bahnhofstraße,6377.0,2.0,mittel,+/-,stabil,2+/-,"Status mittel , Dynamik stabil"
09501940,Güterbahnhof Köpenick,2678.0,2.0,mittel,+/-,stabil,2+/-,"Status mittel , Dynamik stabil"
09501941,Friedrichshagener Straße,2678.0,2.0,mittel,+/-,stabil,2+/-,"Status mittel , Dynamik stabil"
09502042,Mittelheide,4106.0,2.0,mittel,+/-,stabil,2+/-,"Status mittel , Dynamik stabil"
09502043,Dammheide,9188.0,2.0,mittel,+/-,stabil,2+/-,"Status mittel , Dynamik stabil"
10100101,Marzahn West,5709.0,2.0,mittel,+,positiv,2+,"Status mittel , Dynamik positiv"
10100102,Rosenbecker Straße,3317.0,3.0,niedrig,+,positiv,3+,"Status niedrig , Dynamik positiv"
10100103,Wittenberger Straße,7685.0,2.0,mittel,+/-,stabil,2+/-,"Status mittel , Dynamik stabil"
10100104,Golliner Straße,7611.0,2.0,mittel,+,positiv,2+,"Status mittel , Dynamik positiv"
10100206,Wuhletalstraße,10586.0,2.0,mittel,+/-,stabil,2+/-,"Status mittel , Dynamik stabil"
10100207,Ahrensfelder Berge,8198.0,2.0,mittel,+,positiv,2+,"Status mittel , Dynamik positiv"
10100208,Bürgerpark,9163.0,2.0,mittel,+/-,stabil,2+/-,"Status mittel , Dynamik stabil"
10100209,Lea-Grundig-Straße,8153.0,2.0,mittel,+/-,stabil,2+/-,"Status mittel , Dynamik stabil"
10100210,Marzahner Promenade,10782.0,2.0,mittel,+/-,stabil,2+/-,"Status mittel , Dynamik stabil"
10100311,Marzahner Chaussee,2228.0,2.0,mittel,-,negativ,2-,"Status mittel , Dynamik negativ"
10100312,Springpfuhl,14860.0,2.0,mittel,+,positiv,2+,"Status mittel , Dynamik positiv"
10100313,Alt-Marzahn,4793.0,2.0,mittel,+/-,stabil,2+/-,"Status mittel , Dynamik stabil"
10100314,Auersbergstraße,6309.0,2.0,mittel,+/-,stabil,2+/-,"Status mittel , Dynamik stabil"
10100315,Bärenstein,7171.0,2.0,mittel,+/-,stabil,2+/-,"Status mittel , Dynamik stabil"
10100316,Landsberger Tor,3681.0,2.0,mittel,+/-,stabil,2+/-,"Status mittel , Dynamik stabil"
10200417,Zossener Straße,7171.0,3.0,niedrig,+,positiv,3+,"Status niedrig , Dynamik positiv"
10200418,Kyritzer Straße,5445.0,2.0,mittel,+,positiv,2+,"Status mittel , Dynamik positiv"
10200419,Havelländer Ring,3564.0,2.0,mittel,+,positiv,2+,"Status mittel , Dynamik positiv"
10200420,Gut Hellersdorf,7159.0,3.0,niedrig,-,negativ,3-,"Status niedrig , Dynamik negativ"
10200421,Helle Mitte,1716.0,2.0,mittel,+,positiv,2+,"Status mittel , Dynamik positiv"
10200422,Hellersdorfer Promenade,6503.0,4.0,sehr niedrig,+/-,stabil,4+/-,"Status sehr niedrig , Dynamik stabil"
10200423,Böhlener Straße,5929.0,3.0,niedrig,+,positiv,3+,"Status niedrig , Dynamik positiv"
10200524,Adele-Sandrock-Straße,9975.0,2.0,mittel,-,negativ,2-,"Status mittel , Dynamik negativ"
10200525,Schleipfuhl,5317.0,3.0,niedrig,-,negativ,3-,"Status niedrig , Dynamik negativ"
10200526,Boulevard Kastanienallee,6111.0,3.0,niedrig,+/-,stabil,3+/-,"Status niedrig , Dynamik stabil"
10200627,Am Kienberg,3465.0,2.0,mittel,+,positiv,2+,"Status mittel , Dynamik positiv"
10200628,Neue Grottkauer Straße,6342.0,3.0,niedrig,+,positiv,3+,"Status niedrig , Dynamik positiv"
10200629,Teterower Ring,8919.0,2.0,mittel,+/-,stabil,2+/-,"Status mittel , Dynamik stabil"
10200630,Cecilienplatz,6487.0,2.0,mittel,+/-,stabil,2+/-,"Status mittel , Dynamik stabil"
10300731,Oberfeldstraße,7805.0,1.0,hoch,+/-,stabil,1+/-,"Status hoch , Dynamik stabil"
10300732,Buckower Ring,6952.0,2.0,mittel,-,negativ,2-,"Status mittel , Dynamik negativ"
10300733,Alt-Biesdorf,3938.0,1.0,hoch,+,positiv,1+,"Status hoch , Dynamik positiv"
10300734,Biesdorf Süd,10260.0,1.0,hoch,+/-,stabil,1+/-,"Status hoch , Dynamik stabil"
10400835,Kaulsdorf Nord,7807.0,1.0,hoch,+/-,stabil,1+/-,"Status hoch , Dynamik stabil"
10400836,Alt-Kaulsdorf,3868.0,1.0,hoch,+/-,stabil,1+/-,"Status hoch , Dynamik stabil"
10400837,Kaulsdorf Süd,7733.0,1.0,hoch,+/-,stabil,1+/-,"Status hoch , Dynamik stabil"
10400938,Mahlsdorf Nord,9921.0,1.0,hoch,+/-,stabil,1+/-,"Status hoch , Dynamik stabil"
10400939,Alt-Mahlsdorf,4457.0,1.0,hoch,+/-,stabil,1+/-,"Status hoch , Dynamik stabil"
10400940,Elsensee,5801.0,1.0,hoch,+/-,stabil,1+/-,"Status hoch , Dynamik stabil"
10400941,Pilgramer Straße,9578.0,1.0,hoch,+/-,stabil,1+/-,"Status hoch , Dynamik stabil"
11100101,Dörfer Malchow-Wartenberg,3302.0,1.0,hoch,+/-,stabil,1+/-,"Status hoch , Dynamik stabil"
11100102,Dorf Falkenberg,2189.0,2.0,mittel,-,negativ,2-,"Status mittel , Dynamik negativ"
11100203,Falkenberg Ost,8986.0,3.0,niedrig,+/-,stabil,3+/-,"Status niedrig , Dynamik stabil"
11100204,Falkenberg West,7052.0,2.0,mittel,+,positiv,2+,"Status mittel , Dynamik positiv"
11100205,Wartenberg Süd,6095.0,2.0,mittel,+/-,stabil,2+/-,"Status mittel , Dynamik stabil"
11100206,Wartenberg Nord,7609.0,3.0,niedrig,-,negativ,3-,"Status niedrig , Dynamik negativ"
11100307,Zingster Straße Ost,11690.0,2.0,mittel,+/-,stabil,2+/-,"Status mittel , Dynamik stabil"
11100308,Zingster Straße West,9583.0,3.0,niedrig,+/-,stabil,3+/-,"Status niedrig , Dynamik stabil"
11100309,Mühlengrund,5825.0,2.0,mittel,+/-,stabil,2+/-,"Status mittel , Dynamik stabil"
11200410,Malchower Weg,9998.0,2.0,mittel,+/-,stabil,2+/-,"Status mittel , Dynamik stabil"
11200411,Hauptstraße,6856.0,2.0,mittel,+/-,stabil,2+/-,"Status mittel , Dynamik stabil"
11200512,Orankesee,3898.0,2.0,mittel,-,negativ,2-,"Status mittel , Dynamik negativ"
11200513,Große-Leege-Straße,9897.0,2.0,mittel,+/-,stabil,2+/-,"Status mittel , Dynamik stabil"
11200514,Landsberger Allee,15296.0,2.0,mittel,+/-,stabil,2+/-,"Status mittel , Dynamik stabil"
11200515,Weiße Taube,4125.0,1.0,hoch,+/-,stabil,1+/-,"Status hoch , Dynamik stabil"
11300616,Hohenschönhausener Straße,6058.0,3.0,niedrig,+/-,stabil,3+/-,"Status niedrig , Dynamik stabil"
11300617,Fennpfuhlpark,4292.0,2.0,mittel,+/-,stabil,2+/-,"Status mittel , Dynamik stabil"
11300618,Storkower Bogen,3713.0,2.0,mittel,+/-,stabil,2+/-,"Status mittel , Dynamik stabil"
11300619,Rudolf-Seiffert-Park,8422.0,2.0,mittel,+/-,stabil,2+/-,"Status mittel , Dynamik stabil"
11300620,Fennpfuhl Ost,11266.0,2.0,mittel,+/-,stabil,2+/-,"Status mittel , Dynamik stabil"
11300721,Herzbergstraße,5263.0,2.0,mittel,+/-,stabil,2+/-,"Status mittel , Dynamik stabil"
11300722,Rathaus Lichtenberg,9901.0,2.0,mittel,+/-,stabil,2+/-,"Status mittel , Dynamik stabil"
11300723,Bornitzstraße,2413.0,2.0,mittel,+,positiv,2+,"Status mittel , Dynamik positiv"
11300724,Roedeliusplatz,3989.0,2.0,mittel,+/-,stabil,2+/-,"Status mittel , Dynamik stabil"
11300725,Nibelungenviertel,9837.0,2.0,mittel,+/-,stabil,2+/-,"Status mittel , Dynamik stabil"
11300826,Frankfurter Allee Süd,9956.0,2.0,mittel,+/-,stabil,2+/-,"Status mittel , Dynamik stabil"
11400927,Victoriastadt,4218.0,2.0,mittel,+/-,stabil,2+/-,"Status mittel , Dynamik stabil"
11400928,Nöldnerplatz,2359.0,2.0,mittel,+/-,stabil,2+/-,"Status mittel , Dynamik stabil"
11400929,Weitlingkiez,16111.0,2.0,mittel,+/-,stabil,2+/-,"Status mittel , Dynamik stabil"
11400930,Zachertstraße,4615.0,2.0,mittel,+/-,stabil,2+/-,"Status mittel , Dynamik stabil"
11400931,Massower Straße,6764.0,2.0,mittel,+,positiv,2+,"Status mittel , Dynamik positiv"
11401032,Rosenfelder Ring,5824.0,2.0,mittel,+/-,stabil,2+/-,"Status mittel , Dynamik stabil"
11401033,Gensinger Straße,6756.0,2.0,mittel,+/-,stabil,2+/-,"Status mittel , Dynamik stabil"
11401034,Tierpark,3195.0,2.0,mittel,+/-,stabil,2+/-,"Status mittel , Dynamik stabil"
11401135,Dolgenseestraße,10139.0,2.0,mittel,-,negativ,2-,"Status mittel , Dynamik negativ"
11401136,Volkradstraße,8155.0,2.0,mittel,+/-,stabil,2+/-,"Status mittel , Dynamik stabil"
11401137,Erieseering,8708.0,2.0,mittel,+/-,stabil,2+/-,"Status mittel , Dynamik stabil"
11501238,Rummelsburg,4244.0,2.0,mittel,+/-,stabil,2+/-,"Status mittel , Dynamik stabil"
11501339,Karlshorst West,10346.0,2.0,mittel,+/-,stabil,2+/-,"Status mittel , Dynamik stabil"
11501340,Karlshorst Nord,10640.0,1.0,hoch,+/-,stabil,1+/-,"Status hoch , Dynamik stabil"
11501341,Karlshorst Süd,7252.0,1.0,hoch,+/-,stabil,1+/-,"Status hoch , Dynamik stabil"
12100101,Letteplatz,10985.0,3.0,niedrig,+/-,stabil,3+/-,"Status niedrig , Dynamik stabil"
12100102,Hausotterplatz,9986.0,3.0,niedrig,+/-,stabil,3+/-,"Status niedrig , Dynamik stabil"
12100103,Breitkopfbecken,7702.0,3.0,niedrig,+/-,stabil,3+/-,"Status niedrig , Dynamik stabil"
12100204,Schäfersee,8869.0,2.0,mittel,+/-,stabil,2+/-,"Status mittel , Dynamik stabil"
12100205,Teichstraße,14057.0,2.0,mittel,+,positiv,2+,"Status mittel , Dynamik positiv"
12100206,Humboldtstraße,4661.0,2.0,mittel,+/-,stabil,2+/-,"Status mittel , Dynamik stabil"
12200307,Reinickes Hof,2753.0,2.0,mittel,+,positiv,2+,"Status mittel , Dynamik positiv"
12200308,Meller Bogen,5667.0,2.0,mittel,+/-,stabil,2+/-,"Status mittel , Dynamik stabil"
12200309,Scharnweberstraße,10629.0,4.0,sehr niedrig,+,positiv,4+,"Status sehr niedrig , Dynamik positiv"
12200310,Klixstraße,8270.0,4.0,sehr niedrig,+/-,stabil,4+/-,"Status sehr niedrig , Dynamik stabil"
12200411,Schumacher-Quartier,393.0,2.0,mittel,+/-,stabil,2+/-,"Status mittel , Dynamik stabil"
12200412,Waldidyll/Flughafensee,6355.0,2.0,mittel,+/-,stabil,2+/-,"Status mittel , Dynamik stabil"
12200413,Tegel Süd,8091.0,3.0,niedrig,+/-,stabil,3+/-,"Status niedrig , Dynamik stabil"
12200414,TXL,1428.0,2.0,mittel,+/-,stabil,2+/-,"Status mittel , Dynamik stabil"
12200515,Alt-Tegel,10959.0,2.0,mittel,+/-,stabil,2+/-,"Status mittel , Dynamik stabil"
12400616,Konradshöhe/Tegelort,6011.0,1.0,hoch,+/-,stabil,1+/-,"Status hoch , Dynamik stabil"
12400617,Alt-Heiligensee,6871.0,1.0,hoch,+/-,stabil,1+/-,"Status hoch , Dynamik stabil"
12400618,Heiligensee Nord,3764.0,1.0,hoch,+/-,stabil,1+/-,"Status hoch , Dynamik stabil"
12400619,Heiligensee,7730.0,1.0,hoch,+/-,stabil,1+/-,"Status hoch , Dynamik stabil"
12400720,Frohnau West,8662.0,1.0,hoch,+/-,stabil,1+/-,"Status hoch , Dynamik stabil"
12400721,Frohnau Ost,8027.0,1.0,hoch,+/-,stabil,1+/-,"Status hoch , Dynamik stabil"
12400722,Hermsdorf West,8608.0,1.0,hoch,+/-,stabil,1+/-,"Status hoch , Dynamik stabil"
12400723,Hermsdorf Ost/Waldsee,8118.0,1.0,hoch,+/-,stabil,1+/-,"Status hoch , Dynamik stabil"
12500824,Ziekowstraße/Freie Scholle,9665.0,2.0,mittel,+/-,stabil,2+/-,"Status mittel , Dynamik stabil"
12500825,Borsigwalde,6750.0,2.0,mittel,+/-,stabil,2+/-,"Status mittel , Dynamik stabil"
12500926,Wittenau Mitte,5065.0,2.0,mittel,+/-,stabil,2+/-,"Status mittel , Dynamik stabil"
12500927,Wittenau Nord,6434.0,2.0,mittel,+/-,stabil,2+/-,"Status mittel , Dynamik stabil"
12500928,Waidmannslust,5166.0,2.0,mittel,+/-,stabil,2+/-,"Status mittel , Dynamik stabil"
12500929,Lübars,5160.0,1.0,hoch,+/-,stabil,1+/-,"Status hoch , Dynamik stabil"
12500930,Wittenau Süd,9936.0,2.0,mittel,+/-,stabil,2+/-,"Status mittel , Dynamik stabil"
12601031,Lübarser Straße,3310.0,2.0,mittel,+/-,stabil,2+/-,"Status mittel , Dynamik stabil"
12601032,Rollbergesiedlung,5922.0,4.0,sehr niedrig,+/-,stabil,4+/-,"Status sehr niedrig , Dynamik stabil"
12601133,Treuenbrietzener Straße,11610.0,4.0,sehr niedrig,+/-,stabil,4+/-,"Status sehr niedrig , Dynamik stabil"
12601134,Märkisches Zentrum,14722.0,4.0,sehr niedrig,+/-,stabil,4+/-,"Status sehr niedrig , Dynamik stabil"
12601235,Dannenwalder Weg,10656.0,4.0,sehr niedrig,+/-,stabil,4+/-,"Status sehr niedrig , Dynamik stabil"
12601236,Schorfheidestraße,3131.0,2.0,mittel,+,positiv,2+,"Status mittel , Dynamik positiv"
